experiment_name,batch_number,fwd_barcode,rev_barcode,startseq,endseq
MscS mut1,1,CTATGCACATTGATATCTGTCTGAG,CTATTTGGCAAAAT,-100,-40
MscS mut1,2,AGCAGCACATTGATATCTGTCTGAG,CTATTTGGCAAAAT,-100,-40
MscS mut1,3,GCGGGCACATTGATATCTGTCTGAG,CTATTTGGCAAAAT,-100,-40
MscS mut1,4,TCCGGCACATTGATATCTGTCTGAG,CTATTTGGCAAAAT,-100,-40
MscS mut2,1,GGATGCCAAAAGCAAGGTGAT,ACTGCCCGTCATAAG,-60,0
MscS mut2,2,TTCAGCCAAAAGCAAGGTGAT,ACTGCCCGTCATAAG,-60,0
MscS mut2,3,GGCGGCCAAAAGCAAGGTGAT,ACTGCCCGTCATAAG,-60,0
MscS mut2,4,CTCGGCCAAAAGCAAGGTGAT,ACTGCCCGTCATAAG,-60,0
MscS mut3,1,TCATATCTATTTGGCAAAATTATGCT,GAGTCAGTTGAAAAG,-20,40
MscS mut3,2,GCCCATCTATTTGGCAAAATTATGCT,GAGTCAGTTGAAAAG,-20,40
MscS mut3,3,AACGATCTATTTGGCAAAATTATGCT,GAGTCAGTTGAAAAG,-20,40
MscS mut3,4,GCTTATCTATTTGGCAAAATTATGCT,GAGTCAGTTGAAAAG,-20,40
MscL mut1 old (unsorted),1,GAACAAGCCCTTTCTTCTTGTAATTAATA,CTGGCAGGAAAA,-100,-40
MscL mut1 new(unsorted),1,TAAGAAGCCCTTTCTTCTTGTAATTAATA,CTGGCAGGAAAA,-100,-40
MscL mut1 old (sorted),1,GGAGCAAGCCCTTTCTTCTTGTAATTAATA,CTGGCAGGAAAA,-100,-40
MscL mut1 old (sorted),2,ATCGGAAGCCCTTTCTTCTTGTAATTAATA,CTGGCAGGAAAA,-100,-40
MscL mut1 old (sorted),3,AGGTGAAGCCCTTTCTTCTTGTAATTAATA,CTGGCAGGAAAA,-100,-40
MscL mut1 old (sorted),4,ATGGGAAGCCCTTTCTTCTTGTAATTAATA,CTGGCAGGAAAA,-100,-40
MscL mut1 new(sorted),1,CAGGCAAGCCCTTTCTTCTTGTAATTAATA,CTGGCAGGAAAA,-100,-40
MscL mut1 new(sorted),2,GCTCAAAGCCCTTTCTTCTTGTAATTAATA,CTGGCAGGAAAA,-100,-40
MscL mut1 new(sorted),3,CATAAAAGCCCTTTCTTCTTGTAATTAATA,CTGGCAGGAAAA,-100,-40
MscL mut1 new(sorted),4,GCTGAAAGCCCTTTCTTCTTGTAATTAATA,CTGGCAGGAAAA,-100,-40
